INSERT INTO "users"
("id", "login"  , "password", "role") VALUES
(  1 , 'root'   , 'root'    ,    1  ),
(  2 , 'client1'  , 'user'    ,    3  ),
(  3 , 'client2'  , 'user'    ,    3  ),
(  4 , 'client3'  , 'user'    ,    3  ),
(  5 , 'client4'  , 'user'    ,    3  ),
(  6 , 'client5'  , 'user'    ,    3  ),
(  7 , 'tester1', '12345'   ,    2  ),
(  8 , 'tester2', '12345'   ,    2  ),
(  9 , 'tester3', '12345'   ,    2  ),
(  10 , 'tester4', '12345'   ,    2  );

INSERT INTO "software_tester"
("id", "surname"  , "name" , "middle_name" , "work_experience"  ) VALUES
(  1 , 'Струй'    , 'Антон' ,  'Петрович' , 2 ),
(  7, 'Ромашкина', 'Вера' , 'Игоревна' , 10  ),
(  8 , 'Ландышева', 'Надежда', 'Петровна', 5 ),
(  9 , 'Иван','Иванов','Иванович',2),
(  10 , 'Лютикова' , 'Любовь', 'Сергеевна', 8);

INSERT INTO "client"
("id", "name" , "registered_address" ,"bank_details" ) VALUES
(  2 , 'Сбербанк'    , 'ул. Карла Маркса, 12' ,  'р/с BY67PJCB30120517471000000933 (BYN)'  ),
(  3 , 'Linux' , 'пр-т Ленина, 23, 45','р/с BY16PJCB30120517471000000978 (EUR)' ),
(  4 , 'amazon', 'переул. Энгельса, 67 корп. 2, 89', 'р/с BY04PJCB30130517571000000933 (BYR)'),
(  5 , 'ВГУ','ул. Сталина, 123а, 45','р/с BY74PJCB30130517571000000643 (RUB)'),
(  6 , 'БГУ' , 'ул. Молодежная, 180', 'р/с BY45PJCB30120517471000000955 (USD)');

INSERT INTO "contact_person"
("id","surname","name","middle_name") VALUES
(  2 , 'Греф'    , 'Герман' ,  'Антонович'  ),
(  3 , 'Торвальдс' , 'Линус','Петрович' ),
(  4 , 'Джефф', 'Безос', 'Иванович'),
(  5 , 'Богатырева','Валентина','Сергеевна'),
(  6 , 'Голова' , 'Анна', 'Геннадьевна');

INSERT INTO "phone"
("id", "number", "contact_person_id") VALUES
(1,'+375 (29) 123-45-67',      2     ),
(2,'+375 (33) 890-12-34',      3     ),
(3,'+375 (25) 567-89-01',      4     ),
(4,'+375 (25) 560-00-01',      5     ),
(5,'+375 (29) 234-56-78',      6     );


INSERT INTO "e-mail"
("id", "login", "contact_person_id") VALUES
(1,'sberbank@mai.ru',      2     ),
(2,'sbe@mai.ru',      2     ),
(3,'Linux@mail.net',      3     ),
(4,'amazon@google.com',      4     ),
(5,'vitebskvgy@yndex.by',      5     ),
(6,'minskbgy@yndex.by',      6     );

INSERT INTO "project"
("id","client_id","start_date","end_date") VALUES
(  1 , 2 ,  '2012-02-02', '2020-04-01' ),
(  2, 3, '2017-04-05' , NULL  ),
(  3 , 4, '2004-07-09', NULL ),
(  4 , 5,'2019-08-06',NULL),
(  5 , 6 ,'2010-01-01'  ,NULL),
(  6 , 2 ,'2015-06-06'  ,NULL),
(  7,  2,'1999-04-04',NULL),
(  8,  2,'1967-08-08',NULL);


INSERT INTO "requirement"
("id","project_id","requirement" ,"start_date" ,"planned_time" ,"the_priority_of" ,"level_of_criticality_for_the_client","a_mark_of_completion","the_probability_of_a_change") VALUES
(  1 , 1 ,  'быстро сделать','2012-02-02',3891,'высокий','средний','протестирован и закрыт как успешный','низкий' ),
(  2, 2,  'сделать',NULL,20000,'низкий','средний',NULL,'высокий' ),
(  3 , 3,  'начать делать',NULL,300000,'средний','средний',NULL,'средний' ),
(  4 , 4,  'очень нужно',NULL,7000,'высокий','высокий',NULL,'высокий' ),
(  5 , 5,  'медленно',NULL,600,'низкий','низкий',NULL,'низкий' ),
(  6 , 6 ,'как повезет','2015-06-06',100,'низкий','низкий',NULL,'низкий' ),
(  7,  7,'нужно','1999-04-04',1000,'высокий','высокий',NULL,'высокий' ),
(  8,  8,'переделать','1967-08-08',200,'низкий','средний',NULL,'высокий' ),
(  9 , 6 ,'быстро','2016-06-06',300,'высокий','низкий',NULL,'средний' ),
(  10,  7,'нужно делать','2000-04-04',2000,'высокий','средний',NULL,'низкий' ),
(  11,  8,'делать','1968-08-08',600,'низкий','низкий',NULL,'низкий' ),
(  12 , 6 ,'переделать','2017-06-06',10,'высокий','высокий',NULL,'средний' ),
(  13,  7,'нужно сдать','2001-04-04',5000,'средний','высокий',NULL,'низкий' ),
(  14,  8,'нужно переделать','1969-08-08',6000,'средний','средний',NULL,'средний' ),
(  15 , 6 ,'переделать тесты','2018-06-06',5,'низкий','средний',NULL,'средний' ),
(  16,  7,'доделать','2002-04-04',1000,'средний','низкий',NULL,'высокий' ),
(  17,  8,'протестировать','1970-08-08',70000,'низкий','высокий',NULL,'высокий' );

INSERT INTO "planed_test"
("id","requirement_id","description_of_the_performance","expected_result","planned_time","level_test") VALUES
(1,1,'1.Создать объект 2.Провести тесты','положительный',3891,'глубокий'),
(2,2,'1.Создать класс 2.Провести тесты','положительный',20000,'глубокий'),
(3,3,'1.Создать структуру 2.Провести тесты','положительный',300000,'средний'),
(4,4,'1.Создать словарь 2.Провести тесты','положительный',7000,'поверхностный'),
(5,5,'1.Создать список 2.Провести тесты','положительный',600,'средний'),
(6,1,'1.Создать язык 2.Провести тесты','положительный',7000321,'глубокий'),
(7,1,'1.Создать бд 2.Провести запросы','положительный',245,'глубокий');


INSERT INTO "completed_test"
("id","tester_id","planed_test_id","start_date_and_time","length","result") VALUES
(1,1,1,'2012-02-02',600000,'прошел'),
(2,7,2,'2013-02-02',300000,'не прошел'),
(3,8,3,'2014-02-02',200000,'не прошел'),
(4,9,4,'2015-02-02',100000,'не прошел'),
(5,10,5,'2016-02-02',50000,'прошел'),
(6,1,6,'2014-12-12',500,'прошел'),
(7,7,7,'2019-12-12',100,'не прошел'),
(8,1,1,'2020-02-22',700,'не прошел'),
(9,9,1,'2015-03-23',50,'прошел'),
(10,10,1,'2014-05-05',50,'не прошел');

